locality,provisional_ballots,absentee_ballots,in_person_ballots,in_person_curbside_ballots,TotalVoteTurnout,ActiveRegisteredVoters,InactiveRegisteredVoters,TotalRegisteredVoters,year,region
ACCOMACK COUNTY,0,466,9289,0,9755,21576,2002,23578,2014,eastern
ALBEMARLE COUNTY,43,2003,31161,53,33207,66251,5638,71889,2014,central
ALEXANDRIA CITY,203,3995,37440,0,41638,78695,10741,89436,2014,northern
ALLEGHANY COUNTY,0,169,4026,3,4195,9739,573,10312,2014,valley
AMELIA COUNTY,3,246,3846,11,4095,8427,354,8781,2014,central
AMHERST COUNTY,7,332,8521,23,8860,19099,1013,20112,2014,west_central
APPOMATTOX COUNTY,2,172,4593,8,4767,9926,402,10328,2014,west_central
ARLINGTON COUNTY,236,7115,60757,75,68108,141071,20773,161844,2014,northern
AUGUSTA COUNTY,12,745,19262,32,20019,42949,2422,45371,2014,valley
BATH COUNTY,0,47,1139,2,1186,3073,176,3249,2014,valley
BEDFORD COUNTY,18,1037,23772,19,24827,49874,3099,52973,2014,west_central
BLAND COUNTY,1,65,1775,0,1841,4367,232,4599,2014,southwest
BOTETOURT COUNTY,10,521,10608,30,11139,11832,581,12413,2014,west_central
BRISTOL CITY,7,179,3653,28,3839,10080,1413,11493,2014,southwest
BRUNSWICK COUNTY,12,285,4188,74,4485,10265,635,10900,2014,southside
BUCHANAN COUNTY,1,301,4424,4,4726,14669,1187,15856,2014,southwest
BUCKINGHAM COUNTY,6,168,3779,15,3953,9537,469,10006,2014,southside
BUENA VISTA CITY,0,52,1159,3,1211,3445,460,3905,2014,valley
CAMPBELL COUNTY,3,462,15161,41,15626,33657,2133,35790,2014,west_central
CAROLINE COUNTY,25,347,7268,29,7640,17501,1324,18825,2014,central
CARROLL COUNTY,3,312,6807,25,7122,17469,1197,18666,2014,southwest
CHARLES CITY COUNTY,1,191,2309,28,2501,5078,238,5316,2014,central
CHARLOTTE COUNTY,0,124,3497,0,3621,7697,589,8286,2014,southside
CHARLOTTESVILLE CITY,39,778,9972,0,10789,26384,5889,32273,2014,central
CHESAPEAKE CITY,102,2207,58713,338,61022,135482,13853,149335,2014,hampton_roads
CHESTERFIELD COUNTY,171,4407,96913,0,101491,208413,14935,223348,2014,central
CLARKE COUNTY,4,276,4735,9,5015,9522,558,10080,2014,northern
COLONIAL HEIGHTS CITY,0,389,4323,3,4712,11226,787,12013,2014,central
COVINGTON CITY,0,52,1170,1,1222,3315,383,3698,2014,valley
CRAIG COUNTY,1,51,1580,1,1632,3347,171,3518,2014,west_central
CULPEPER COUNTY,15,600,11084,18,11699,21879,1841,23720,2014,northern
CUMBERLAND COUNTY,3,90,2704,12,2797,6233,560,6793,2014,southside
DANVILLE CITY,9,606,10412,67,11027,23926,2514,26440,2014,southside
DICKENSON COUNTY,2,323,3091,5,3416,9946,916,10862,2014,southwest
DINWIDDIE COUNTY,1,304,7080,3,7385,21831,1200,23031,2014,central
EMPORIA CITY,0,45,1346,4,1391,3428,363,3791,2014,southside
ESSEX COUNTY,4,196,2851,4,3051,7121,384,7505,2014,eastern
FAIRFAX CITY,16,595,6437,9,7048,14271,1225,15496,2014,northern
FAIRFAX COUNTY,497,26547,279851,807,306895,634821,33492,668313,2014,northern
FALLS CHURCH CITY,17,638,4416,4,5071,8527,777,9304,2014,northern
FAUQUIER COUNTY,16,1014,19666,0,20696,44021,3244,47265,2014,northern
FLOYD COUNTY,2,262,4401,12,4665,9931,495,10426,2014,west_central
FLUVANNA COUNTY,5,700,7659,0,8364,15898,984,16882,2014,central
FRANKLIN CITY,0,129,2064,8,2193,5214,506,5720,2014,southside
FRANKLIN COUNTY,6,742,15055,25,15803,33224,2063,35287,2014,west_central
FREDERICK COUNTY,6,807,21241,28,22054,48846,4060,52906,2014,valley
FREDERICKSBURG CITY,46,337,5383,31,5766,14722,1407,16129,2014,northern
GALAX CITY,1,75,1277,5,1353,3324,396,3720,2014,southwest
GILES COUNTY,8,233,4573,11,4814,10548,680,11228,2014,west_central
GLOUCESTER COUNTY,6,440,10569,20,11015,24468,1421,25889,2014,hampton_roads
GOOCHLAND COUNTY,10,527,8851,12,9388,15635,499,16134,2014,central
GRAYSON COUNTY,3,231,3962,0,4196,9656,780,10436,2014,southwest
GREENE COUNTY,4,354,4741,6,5099,11524,798,12322,2014,central
GREENSVILLE COUNTY,2,90,2690,0,2782,6114,512,6626,2014,southside
HALIFAX COUNTY,9,376,9460,21,9845,22280,1262,23542,2014,southside
HAMPTON CITY,85,922,33472,120,34479,83968,13263,97231,2014,hampton_roads
HANOVER COUNTY,49,1540,37315,72,38904,69839,2304,72143,2014,central
HARRISONBURG CITY,20,398,7174,0,7592,19442,5598,25040,2014,valley
HENRICO COUNTY,50,4105,94361,253,98516,193582,13527,207109,2014,central
HENRY COUNTY,4,575,13050,32,13629,36020,2172,38192,2014,southside
HIGHLAND COUNTY,0,54,868,0,922,1718,27,1745,2014,valley
HOPEWELL CITY,0,242,4595,27,4837,12005,1575,13580,2014,central
ISLE OF WIGHT COUNTY,16,488,11498,28,12002,25122,1598,26720,2014,hampton_roads
JAMES CITY COUNTY,53,2264,24285,104,26602,49459,3629,53088,2014,hampton_roads
KING & QUEEN COUNTY,2,108,2065,0,2175,4575,230,4805,2014,eastern
KING GEORGE COUNTY,18,381,6407,12,6806,14232,1057,15289,2014,northern
KING WILLIAM COUNTY,9,158,5020,45,5187,10767,421,11188,2014,central
LANCASTER COUNTY,3,365,4266,28,4634,8214,414,8628,2014,eastern
LEE COUNTY,2,305,5652,12,5959,13989,1433,15422,2014,southwest
LEXINGTON CITY,3,134,1405,10,1542,3424,504,3928,2014,valley
LOUDOUN COUNTY,128,5872,87004,0,93004,191555,13889,205444,2014,northern
LOUISA COUNTY,12,642,9503,15,10157,20727,1319,22046,2014,central
LUNENBURG COUNTY,2,118,3206,4,3326,7379,475,7854,2014,southside
LYNCHBURG CITY,7,747,18801,62,19555,45198,8576,53774,2014,west_central
MADISON COUNTY,0,229,3882,4,4111,8340,498,8838,2014,central
MANASSAS CITY,8,548,7630,7,8186,19084,2570,21654,2014,northern
MANASSAS PARK CITY,2,173,1931,22,2106,0,0,0,2014,northern
MARTINSVILLE CITY,0,208,3382,0,3590,7918,923,8841,2014,southside
MATHEWS COUNTY,7,383,3018,33,3408,6564,349,6913,2014,hampton_roads
MECKLENBURG COUNTY,12,394,7495,11,7901,19864,1869,21733,2014,southside
MIDDLESEX COUNTY,5,230,3636,9,3871,7366,409,7775,2014,eastern
MONTGOMERY COUNTY,21,952,20843,54,21816,52695,6232,58927,2014,west_central
NELSON COUNTY,6,241,4874,0,5121,10023,776,10799,2014,central
NEW KENT COUNTY,0,287,6899,0,7186,13166,556,13722,2014,central
NEWPORT NEWS CITY,47,1037,37911,99,38995,110866,12391,123257,2014,hampton_roads
NORFOLK CITY,69,1393,41337,426,42799,103145,12794,115939,2014,hampton_roads
NORTHAMPTON COUNTY,5,234,3354,17,3593,8312,574,8886,2014,eastern
NORTHUMBERLAND COUNTY,9,384,4775,15,5168,9077,427,9504,2014,eastern
NORTON CITY,0,63,750,1,813,2183,189,2372,2014,southwest
NOTTOWAY COUNTY,1,155,3694,9,3850,8488,612,9100,2014,southside
ORANGE COUNTY,18,515,9206,85,9739,20744,1748,22492,2014,central
PAGE COUNTY,3,298,5362,39,5663,14207,977,15184,2014,valley
PATRICK COUNTY,7,242,4713,1,4962,11266,804,12070,2014,southside
PETERSBURG CITY,17,984,6819,89,7820,19404,2069,21473,2014,central
PITTSYLVANIA COUNTY,11,772,17390,65,18173,39891,2229,42120,2014,southside
POQUOSON CITY,2,248,4070,15,4320,8338,411,8749,2014,hampton_roads
PORTSMOUTH CITY,43,957,23683,256,24683,55720,6454,62174,2014,hampton_roads
POWHATAN COUNTY,6,417,9320,10,9743,18612,729,19341,2014,central
PRINCE EDWARD COUNTY,4,185,4779,26,4968,12128,1647,13775,2014,southside
PRINCE GEORGE COUNTY,6,408,8698,35,9112,21442,2450,23892,2014,central
PRINCE WILLIAM COUNTY,124,6062,89644,91,95830,245475,22713,268188,2014,northern
PULASKI COUNTY,5,294,8028,29,8327,19862,1331,21193,2014,west_central
RADFORD CITY,4,132,2673,7,2809,7294,596,7890,2014,west_central
RAPPAHANNOCK COUNTY,4,197,2625,0,2826,5262,437,5699,2014,northern
RICHMOND CITY,81,1982,49933,309,51996,134868,14825,149693,2014,central
RICHMOND COUNTY,0,73,2021,0,2094,4665,258,4923,2014,eastern
ROANOKE CITY,30,979,19903,198,20912,52747,8225,60972,2014,west_central
ROANOKE COUNTY,13,1334,29415,38,30762,62649,4320,66969,2014,west_central
ROCKBRIDGE COUNTY,9,376,6241,9,6626,13171,678,13849,2014,valley
ROCKINGHAM COUNTY,13,819,19934,0,20766,39626,2044,41670,2014,valley
RUSSELL COUNTY,7,335,6250,0,6592,17705,681,18386,2014,southwest
SALEM CITY,0,359,6548,0,6907,15436,1238,16674,2014,west_central
SCOTT COUNTY,3,232,5009,8,5244,13972,1419,15391,2014,southwest
SHENANDOAH COUNTY,12,470,10651,73,11133,25246,1725,26971,2014,valley
SMYTH COUNTY,5,272,6654,11,6931,17562,1683,19245,2014,southwest
SOUTHAMPTON COUNTY,0,85,5012,17,5097,11377,939,12316,2014,southside
SPOTSYLVANIA COUNTY,38,1842,30897,106,32777,96190,8722,104912,2014,northern
STAFFORD COUNTY,64,1545,32526,99,34135,76559,6516,83075,2014,northern
STAUNTON CITY,7,313,5951,37,6271,14076,1294,15370,2014,valley
SUFFOLK CITY,38,1182,23223,0,24443,53200,4166,57366,2014,hampton_roads
SURRY COUNTY,1,151,2451,33,2603,5184,267,5451,2014,hampton_roads
SUSSEX COUNTY,3,91,2910,0,3004,6580,515,7095,2014,southside
TAZEWELL COUNTY,7,375,9389,18,9771,18718,1261,19979,2014,southwest
VIRGINIA BEACH CITY,264,4789,102291,715,107344,266988,23102,290090,2014,hampton_roads
WARREN COUNTY,21,409,8889,22,9319,22201,2092,24293,2014,northern
WASHINGTON COUNTY,8,626,13510,21,14144,32927,2401,35328,2014,southwest
WAYNESBORO CITY,2,194,4692,0,4888,11256,969,12225,2014,valley
WESTMORELAND COUNTY,5,403,4349,24,4757,10934,907,11841,2014,eastern
WILLIAMSBURG CITY,9,314,3621,29,3944,8870,1947,10817,2014,hampton_roads
WINCHESTER CITY,2,425,5542,12,5969,13325,1719,15044,2014,valley
WISE COUNTY,2,228,7554,29,7784,21132,2201,23333,2014,southwest
WYTHE COUNTY,4,248,6912,0,7164,17285,1316,18601,2014,southwest
YORK COUNTY,23,975,19715,41,20713,40818,4173,44991,2014,hampton_roads
ACCOMACK COUNTY,29,8757,8439,0,17225,23754,870,24624,2020,eastern
ALBEMARLE COUNTY,398,43350,21093,204,64841,78542,3138,81680,2020,central
ALEXANDRIA CITY,658,66154,16173,23,82985,104859,7876,112735,2020,northern
ALLEGHANY COUNTY,8,2696,5479,22,8183,10760,201,10961,2020,valley
AMELIA COUNTY,19,4398,3496,10,7913,9681,154,9835,2020,central
AMHERST COUNTY,1,8565,8509,113,17075,21671,574,22245,2020,west_central
APPOMATTOX COUNTY,23,4612,4651,113,9286,11513,191,11704,2020,west_central
ARLINGTON COUNTY,434,108394,22690,186,131518,166421,12008,178427,2020,northern
AUGUSTA COUNTY,148,21145,21109,175,42402,51861,891,52752,2020,valley
BATH COUNTY,0,764,1741,0,2505,3227,80,3307,2020,valley
BEDFORD COUNTY,42,24390,24185,239,48617,53486,1029,54515,2020,west_central
BLAND COUNTY,3,1312,2175,42,3490,4407,162,4569,2020,southwest
BOTETOURT COUNTY,13,2456,18702,147,21171,25238,437,25675,2020,west_central
BRISTOL CITY,9,4749,3068,73,7826,11232,482,11714,2020,southwest
BRUNSWICK COUNTY,0,4228,3806,203,8034,10721,222,10943,2020,southside
BUCHANAN COUNTY,52,3102,6886,29,10040,14919,349,15268,2020,southwest
BUCKINGHAM COUNTY,12,903,7226,105,8141,10561,191,10752,2020,southside
BUENA VISTA CITY,0,1815,976,0,2791,4082,181,4263,2020,valley
CAMPBELL COUNTY,117,15134,15152,0,30403,38915,962,39877,2020,west_central
CAROLINE COUNTY,10,7930,8322,91,16262,21179,564,21743,2020,central
CARROLL COUNTY,70,5706,9923,141,15699,20227,474,20701,2020,southwest
CHARLES CITY COUNTY,23,2872,1584,34,4479,5528,123,5651,2020,central
CHARLOTTE COUNTY,2,2960,3255,0,6217,8201,192,8393,2020,southside
CHARLOTTESVILLE CITY,151,18038,6257,130,24446,33095,1869,34964,2020,central
CHESAPEAKE CITY,607,22868,104051,1792,127526,164094,7403,171497,2020,hampton_roads
CHESTERFIELD COUNTY,835,145387,58744,1324,204966,246766,6935,253701,2020,central
CLARKE COUNTY,18,5811,3545,145,9374,11342,346,11688,2020,northern
COLONIAL HEIGHTS CITY,17,5778,3381,183,9176,12353,402,12755,2020,central
COVINGTON CITY,0,1113,1493,0,2606,3653,100,3753,2020,valley
CRAIG COUNTY,12,1130,2042,46,3184,3890,81,3971,2020,west_central
CULPEPER COUNTY,129,15142,11970,52,27241,34325,797,35122,2020,northern
CUMBERLAND COUNTY,13,2492,2832,0,5337,7034,164,7198,2020,southside
DANVILLE CITY,146,11987,7452,142,19585,27487,910,28397,2020,southside
DICKENSON COUNTY,1,3528,3811,15,7340,10035,242,10277,2020,southwest
DINWIDDIE COUNTY,33,1497,13600,12,15130,19710,472,20182,2020,central
EMPORIA CITY,0,1052,1347,4,2399,3715,158,3873,2020,southside
ESSEX COUNTY,15,3906,2271,128,6192,7730,377,8106,2020,eastern
FAIRFAX CITY,62,10224,3271,108,13557,16818,555,17373,2020,northern
FAIRFAX COUNTY,4043,415227,186204,3005,605474,751830,25072,776814,2020,northern
FALLS CHURCH CITY,31,7624,1231,31,8886,10656,472,11128,2020,northern
FAUQUIER COUNTY,195,28421,15233,0,43849,53052,1320,54372,2020,northern
FLOYD COUNTY,23,5492,3885,3581,9400,11387,157,11544,2020,west_central
FLUVANNA COUNTY,39,10529,5294,254,15862,19464,376,19840,2020,central
FRANKLIN CITY,25,2386,1665,49,4076,5540,181,5721,2020,southside
FRANKLIN COUNTY,71,12232,17492,214,29795,37734,748,38482,2020,west_central
FREDERICK COUNTY,205,28822,19636,62,48663,62123,2148,64271,2020,valley
FREDERICKSBURG CITY,87,8940,3892,47,12919,17507,1041,18548,2020,northern
GALAX CITY,4,368,2273,110,2645,2865,94,2959,2020,southwest
GILES COUNTY,0,4261,4939,101,9200,11662,322,11984,2020,west_central
GLOUCESTER COUNTY,50,11472,10804,81,22326,28360,618,28978,2020,hampton_roads
GOOCHLAND COUNTY,48,10809,6137,41,16994,19682,279,19961,2020,central
GRAYSON COUNTY,4,3176,4970,136,8150,10506,260,10766,2020,southwest
GREENE COUNTY,13,7082,4243,43,11338,13854,541,14395,2020,central
GREENSVILLE COUNTY,0,2026,2576,5,4602,6263,144,6407,2020,southside
HALIFAX COUNTY,36,10578,7756,48,18370,24001,588,24589,2020,southside
HAMPTON CITY,468,12953,52686,343,66107,95765,4830,100595,2020,hampton_roads
HANOVER COUNTY,289,43535,27375,3616,71199,82899,1241,84140,2020,central
HARRISONBURG CITY,150,11366,5659,187,17175,23985,2093,26078,2020,valley
HENRICO COUNTY,1031,110479,72116,593,183626,230848,6096,236944,2020,central
HENRY COUNTY,130,13432,12584,0,26146,38098,886,38984,2020,southside
HIGHLAND COUNTY,2,113,1425,8,1540,1834,17,1851,2020,valley
HOPEWELL CITY,107,5546,4124,54,9777,14537,681,15218,2020,central
ISLE OF WIGHT COUNTY,96,13597,9872,396,23565,29310,657,29967,2020,hampton_roads
JAMES CITY COUNTY,221,37335,12319,87,49875,67692,1889,69581,2020,hampton_roads
KING & QUEEN COUNTY,1,1902,2216,82,4119,5150,105,5255,2020,eastern
KING GEORGE COUNTY,32,9807,4417,223,14256,17986,581,18567,2020,northern
KING WILLIAM COUNTY,48,4840,5844,103,10732,12993,240,13233,2020,central
LANCASTER COUNTY,6,4247,2961,17,7214,8818,118,8936,2020,eastern
LEE COUNTY,0,3025,6989,47,10014,14818,623,15441,2020,southwest
LEXINGTON CITY,0,2141,633,17,2774,3989,234,4223,2020,valley
LOUDOUN COUNTY,805,156649,68144,0,225598,274106,8152,282258,2020,northern
LOUISA COUNTY,67,11611,10309,226,21987,26814,476,27290,2020,central
LUNENBURG COUNTY,16,2871,3125,82,6012,7880,183,8063,2020,southside
LYNCHBURG CITY,192,18106,18208,478,36506,52701,2969,55670,2020,west_central
MADISON COUNTY,14,3833,4323,88,8170,9802,160,9962,2020,central
MANASSAS CITY,102,12027,4930,21,17059,22333,1157,23490,2020,northern
MANASSAS PARK CITY,47,4467,1618,17,6132,8400,368,8768,2020,northern
MARTINSVILLE CITY,18,3755,2263,84,6036,8591,287,8878,2020,southside
MATHEWS COUNTY,11,4266,1588,84,5865,7081,110,7191,2020,hampton_roads
MECKLENBURG COUNTY,125,8338,7863,52,16326,21806,528,22334,2020,southside
MIDDLESEX COUNTY,20,3510,3287,179,6817,8330,127,8457,2020,eastern
MONTGOMERY COUNTY,99,28452,16366,260,44917,59294,3628,62922,2020,west_central
NELSON COUNTY,4,4823,4522,40,9349,11437,209,11646,2020,central
NEW KENT COUNTY,37,0,8203,0,8240,17165,302,17467,2020,central
NEWPORT NEWS CITY,602,48589,32451,151,81642,124144,8043,132187,2020,hampton_roads
NORFOLK CITY,792,58546,31066,565,90404,129783,8972,138755,2020,hampton_roads
NORTHAMPTON COUNTY,22,4528,2268,34,6818,9276,203,9479,2020,eastern
NORTHUMBERLAND COUNTY,21,4791,3028,71,7840,9711,218,9929,2020,eastern
NORTON CITY,9,1005,595,10,1609,2397,76,2473,2020,southwest
NOTTOWAY COUNTY,2,3975,3140,0,7117,9283,181,9464,2020,southside
ORANGE COUNTY,74,9945,10871,366,20890,26181,572,26753,2020,central
PAGE COUNTY,37,3688,11085,263,14810,16309,339,16648,2020,valley
PATRICK COUNTY,0,3699,5856,4,9555,12374,293,12667,2020,southside
PETERSBURG CITY,125,9412,4734,135,14271,22058,890,22948,2020,central
PITTSYLVANIA COUNTY,127,18238,15960,484,34325,43836,975,44811,2020,southside
POQUOSON CITY,4,886,6962,79,7852,9272,205,9477,2020,hampton_roads
PORTSMOUTH CITY,418,24487,20002,344,44907,64009,2357,66366,2020,hampton_roads
POWHATAN COUNTY,49,10129,9652,30,19830,22830,329,23159,2020,central
PRINCE EDWARD COUNTY,31,4953,4641,166,9625,12973,416,13389,2020,southside
PRINCE GEORGE COUNTY,0,10307,7172,0,17479,23355,912,24267,2020,central
PRINCE WILLIAM COUNTY,1334,169929,57468,54215,228731,314236,11212,325448,2020,northern
PULASKI COUNTY,77,8989,8353,91,17419,22669,478,23147,2020,west_central
RADFORD CITY,24,3727,2602,10,6353,8891,822,9713,2020,west_central
RAPPAHANNOCK COUNTY,7,2143,2818,1,4968,5963,116,6078,2020,northern
RICHMOND CITY,951,72327,38318,2666,111596,151314,7763,159077,2020,central
RICHMOND COUNTY,0,2360,1751,0,4111,5403,93,5496,2020,eastern
ROANOKE CITY,704,27792,14927,2322,43423,61907,2535,64438,2020,west_central
ROANOKE COUNTY,213,37566,19699,1160,57478,70470,1729,72199,2020,west_central
ROCKBRIDGE COUNTY,38,5111,7256,73,12405,15381,325,15706,2020,valley
ROCKINGHAM COUNTY,14,18260,25701,451,43975,53643,1073,54716,2020,valley
RUSSELL COUNTY,41,5365,8044,171,13450,18575,400,18975,2020,southwest
SALEM CITY,12,9044,4041,0,13097,17203,464,17667,2020,west_central
SCOTT COUNTY,24,4608,6276,188,10908,15312,429,15741,2020,southwest
SHENANDOAH COUNTY,92,2955,20725,655,23772,30287,710,30997,2020,valley
SMYTH COUNTY,26,4908,9508,65,14442,19372,409,19781,2020,southwest
SOUTHAMPTON COUNTY,33,4485,5305,18,9823,12510,345,12855,2020,southside
SPOTSYLVANIA COUNTY,7,48841,26729,2652,75577,117457,3520,120977,2020,northern
STAFFORD COUNTY,334,49703,29810,787,79847,102269,3447,105716,2020,northern
STAUNTON CITY,45,9066,3934,36,13045,17023,566,17589,2020,valley
SUFFOLK CITY,359,30907,18593,159,49859,74818,2994,77812,2020,hampton_roads
SURRY COUNTY,0,2637,1845,30,4482,4945,118,5063,2020,hampton_roads
SUSSEX COUNTY,0,2307,2820,0,5127,6895,132,7027,2020,southside
TAZEWELL COUNTY,61,10035,10136,294,20232,23670,2517,26187,2020,southwest
VIRGINIA BEACH CITY,1505,131227,96017,20467,228749,307723,15203,322925,2020,hampton_roads
WARREN COUNTY,106,11596,9625,241,21327,33369,966,34335,2020,northern
WASHINGTON COUNTY,65,15979,12808,244,28852,37486,906,38392,2020,southwest
WAYNESBORO CITY,46,6815,3917,0,10778,14209,439,14648,2020,valley
WESTMORELAND COUNTY,78,5252,4620,132,9950,13043,380,13423,2020,eastern
WILLIAMSBURG CITY,42,5487,1397,31,6926,9719,546,10265,2020,hampton_roads
WINCHESTER CITY,12,8133,3985,320,12130,16737,857,17594,2020,valley
WISE COUNTY,40,9241,7379,80,16660,23535,589,24124,2020,southwest
WYTHE COUNTY,25,6126,8971,0,15122,19808,501,20309,2020,southwest
YORK COUNTY,170,28121,10595,375,38886,47497,1537,49034,2020,hampton_roads
ACCOMACK COUNTY,8,1176,11695,0,12879,22170,1477,23647,2018,eastern
ALBEMARLE COUNTY,113,5542,48018,156,53673,73644,4583,78227,2018,central
ALEXANDRIA CITY,379,10782,55317,115,66478,77426,9741,87167,2018,northern
ALLEGHANY COUNTY,0,294,5196,16,5490,9979,421,10400,2018,valley
AMELIA COUNTY,9,480,5401,18,5890,9003,342,9345,2018,central
AMHERST COUNTY,7,759,11813,0,12579,20198,984,21182,2018,west_central
APPOMATTOX COUNTY,1,368,6340,22,6709,10514,426,10940,2018,west_central
ARLINGTON COUNTY,319,20751,86682,205,107752,150853,19732,170580,2018,northern
AUGUSTA COUNTY,32,1670,28235,115,29937,46974,1760,48734,2018,valley
BATH COUNTY,1,111,1639,0,1751,3058,147,3205,2018,valley
BEDFORD COUNTY,25,2360,33322,185,35707,54383,2498,56881,2018,west_central
BLAND COUNTY,0,123,2342,6,2465,4244,306,4550,2018,southwest
BOTETOURT COUNTY,4,970,14618,68,15592,23315,937,24252,2018,west_central
BRISTOL CITY,2,429,4864,41,5295,10166,931,11097,2018,southwest
BRUNSWICK COUNTY,16,505,5683,89,6204,10243,552,10795,2018,southside
BUCHANAN COUNTY,4,556,5470,15,6030,14372,684,15056,2018,southwest
BUCKINGHAM COUNTY,4,419,5771,39,6194,9904,413,10317,2018,southside
BUENA VISTA CITY,0,127,1635,7,1762,3604,298,3902,2018,valley
CAMPBELL COUNTY,13,1055,20972,0,22040,36010,1941,37951,2018,west_central
CAROLINE COUNTY,21,805,10604,107,11430,19181,1111,20292,2018,central
CARROLL COUNTY,12,635,10037,47,10684,18513,894,19407,2018,southwest
CHARLES CITY COUNTY,3,353,3001,48,3357,0,0,0,2018,central
CHARLOTTE COUNTY,1,259,4498,0,4758,7801,373,8174,2018,southside
CHARLOTTESVILLE CITY,116,2655,17915,78,20686,30519,3223,33742,2018,central
CHESAPEAKE CITY,190,6459,84503,807,91152,48123,4364,52487,2018,hampton_roads
CHESTERFIELD COUNTY,480,11821,142354,3575,154655,136821,7286,144107,2018,central
CLARKE COUNTY,7,786,6437,40,7230,10507,576,11083,2018,northern
COLONIAL HEIGHTS CITY,3,639,5804,20,6446,11458,857,12315,2018,central
COVINGTON CITY,0,84,1699,3,1783,3433,207,3640,2018,valley
CRAIG COUNTY,1,129,2078,4,2208,3638,206,3844,2018,west_central
CULPEPER COUNTY,20,1630,17879,51,19529,30664,1608,32272,2018,northern
CUMBERLAND COUNTY,4,299,3939,0,4242,6594,308,6902,2018,southside
DANVILLE CITY,9,976,14218,90,15203,25971,1964,27935,2018,southside
DICKENSON COUNTY,3,491,4051,26,4545,9563,575,10138,2018,southwest
DINWIDDIE COUNTY,0,826,9769,8,10595,6797,392,7189,2018,central
EMPORIA CITY,0,76,1725,1,1801,3463,343,3806,2018,southside
ESSEX COUNTY,5,408,4036,6,4449,6994,659,7652,2018,eastern
FAIRFAX CITY,24,1615,9007,26,10646,15444,1062,16506,2018,northern
FAIRFAX COUNTY,1127,77886,404638,1616,483651,705506,57147,762496,2018,northern
FALLS CHURCH CITY,22,1939,5267,0,7228,9727,790,10517,2018,northern
FAUQUIER COUNTY,47,3353,28994,0,32394,48429,2458,50887,2018,northern
FLOYD COUNTY,11,694,6074,34,6779,10530,385,10915,2018,west_central
FLUVANNA COUNTY,23,1385,10654,57,12062,17775,768,18543,2018,central
FRANKLIN CITY,3,178,2821,25,3002,2342,199,2541,2018,southside
FRANKLIN COUNTY,11,1442,20829,113,22282,34768,1488,36256,2018,west_central
FREDERICK COUNTY,28,2285,32045,69,34358,55586,3593,59179,2018,valley
FREDERICKSBURG CITY,98,933,8839,73,9870,16053,1983,18036,2018,northern
GALAX CITY,1,155,1685,17,1841,3450,292,3742,2018,southwest
GILES COUNTY,5,494,6189,30,6688,10806,621,11427,2018,west_central
GLOUCESTER COUNTY,3,1019,14687,79,15709,26347,1177,27524,2018,hampton_roads
GOOCHLAND COUNTY,12,1267,12056,57,13335,17695,517,18212,2018,central
GRAYSON COUNTY,3,438,5330,0,5771,9817,495,10312,2018,southwest
GREENE COUNTY,4,780,7370,14,8154,12234,1038,13272,2018,central
GREENSVILLE COUNTY,2,181,3398,3,3581,6051,318,6369,2018,southside
HALIFAX COUNTY,8,978,12752,98,13738,22634,1319,23953,2018,southside
HAMPTON CITY,94,3010,47715,353,50819,47397,4107,51504,2018,hampton_roads
HANOVER COUNTY,109,3527,50394,404,54030,76388,2311,78699,2018,central
HARRISONBURG CITY,165,986,12791,17,13942,23206,3109,26315,2018,valley
HENRICO COUNTY,351,11415,134582,875,146348,173001,10124,183125,2018,central
HENRY COUNTY,6,1045,17731,66,18782,35979,2023,38002,2018,southside
HIGHLAND COUNTY,0,91,1102,2,1193,1746,33,1779,2018,valley
HOPEWELL CITY,5,446,6475,5,6926,8301,605,8906,2018,central
ISLE OF WIGHT COUNTY,26,983,15901,135,16910,25612,1490,27102,2018,hampton_roads
JAMES CITY COUNTY,85,4698,34245,233,39028,61699,3960,65659,2018,hampton_roads
KING & QUEEN COUNTY,2,203,2777,22,2982,4847,179,5026,2018,eastern
KING GEORGE COUNTY,17,949,8818,131,9784,16061,941,17002,2018,northern
KING WILLIAM COUNTY,5,318,7218,65,7541,11844,437,12281,2018,central
LANCASTER COUNTY,6,603,5156,34,5765,8323,305,8628,2018,eastern
LEE COUNTY,0,470,6425,8,6895,13927,1114,15041,2018,southwest
LEXINGTON CITY,4,297,1843,19,2144,3607,411,4018,2018,valley
LOUDOUN COUNTY,380,20506,148131,118,169017,241699,14147,255846,2018,northern
LOUISA COUNTY,19,1363,14160,48,15542,18588,852,19440,2018,central
LUNENBURG COUNTY,1,393,4113,18,4507,7505,357,7862,2018,southside
LYNCHBURG CITY,12,1607,25413,59,27032,48438,4799,53236,2018,west_central
MADISON COUNTY,0,499,5553,12,6052,8991,323,9314,2018,central
MANASSAS CITY,14,1901,11085,68,13000,20076,2031,22107,2018,northern
MANASSAS PARK CITY,9,582,3818,20,4409,7385,679,8064,2018,northern
MARTINSVILLE CITY,4,330,4262,47,4596,8016,687,8703,2018,southside
MATHEWS COUNTY,3,676,3764,63,4443,6742,235,6977,2018,hampton_roads
MECKLENBURG COUNTY,9,1049,10845,0,11903,20408,1179,21587,2018,southside
MIDDLESEX COUNTY,3,425,4737,4,5165,7699,272,7971,2018,eastern
MONTGOMERY COUNTY,30,2288,33281,171,35599,89404,10254,99658,2018,west_central
NELSON COUNTY,9,573,6821,3,7403,10717,409,11126,2018,central
NEW KENT COUNTY,16,677,10030,6,10723,15428,585,16013,2018,central
NEWPORT NEWS CITY,150,2838,55716,338,58704,59569,6269,65838,2018,hampton_roads
NORFOLK CITY,386,3838,63900,965,68124,59918,6663,66581,2018,hampton_roads
NORTHAMPTON COUNTY,4,556,4615,49,5175,8665,345,9010,2018,eastern
NORTHUMBERLAND COUNTY,8,644,5662,21,6314,8646,357,9003,2018,eastern
NORTON CITY,2,70,1038,2,1110,2183,177,2360,2018,southwest
NOTTOWAY COUNTY,0,366,5008,0,5374,8657,572,9229,2018,southside
ORANGE COUNTY,34,1169,13862,264,15065,23525,1184,24709,2018,central
PAGE COUNTY,10,537,7808,80,8355,15021,669,15690,2018,valley
PATRICK COUNTY,5,462,6262,2,6729,11414,651,12065,2018,southside
PETERSBURG CITY,31,1388,8937,173,10356,20152,2338,22490,2018,central
PITTSYLVANIA COUNTY,19,1399,23975,134,25393,41087,1951,43038,2018,southside
POQUOSON CITY,7,601,5411,38,6019,8603,438,9041,2018,hampton_roads
PORTSMOUTH CITY,117,1962,31473,533,33552,34070,2736,36806,2018,hampton_roads
POWHATAN COUNTY,7,1139,13887,45,15033,20772,849,21621,2018,central
PRINCE EDWARD COUNTY,3,448,6668,54,7119,12350,768,13118,2018,southside
PRINCE GEORGE COUNTY,7,1111,11681,46,12799,12439,585,13024,2018,central
PRINCE WILLIAM COUNTY,506,24191,140101,1148,164798,277026,20548,297574,2018,northern
PULASKI COUNTY,23,705,11437,75,12165,21100,982,22082,2018,west_central
RADFORD CITY,5,298,4808,15,5111,4555,298,4853,2018,west_central
RAPPAHANNOCK COUNTY,9,442,3458,0,3909,5624,226,5847,2018,northern
RICHMOND CITY,353,4897,84651,681,89901,116994,10974,127968,2018,central
RICHMOND COUNTY,4,170,2745,11,2919,4930,214,5144,2018,eastern
ROANOKE CITY,40,2237,29143,715,31420,56095,6102,62192,2018,west_central
ROANOKE COUNTY,45,3094,39090,294,42229,56987,3146,60133,2018,west_central
ROCKBRIDGE COUNTY,12,747,8652,12,9411,14015,628,14643,2018,valley
ROCKINGHAM COUNTY,39,1886,29867,127,31792,48498,2063,50561,2018,valley
RUSSELL COUNTY,6,729,8340,24,9075,17647,814,18461,2018,southwest
SALEM CITY,5,755,9198,0,9958,16077,952,17029,2018,west_central
SCOTT COUNTY,2,481,7121,30,7604,14237,771,15008,2018,southwest
SHENANDOAH COUNTY,24,0,15511,191,15535,27397,1267,28664,2018,valley
SMYTH COUNTY,8,435,9304,3,9747,18016,931,18947,2018,southwest
SOUTHAMPTON COUNTY,0,330,6692,40,7022,6279,319,6598,2018,southside
SPOTSYLVANIA COUNTY,76,5582,46531,335,52189,103311,7047,110358,2018,northern
STAFFORD COUNTY,47,4637,51572,421,56256,89459,6254,95713,2018,northern
STAUNTON CITY,18,834,8818,0,9670,15421,1027,16448,2018,valley
SUFFOLK CITY,17,2931,32565,238,35513,36942,2378,39320,2018,hampton_roads
SURRY COUNTY,1,309,3188,0,3498,4725,210,4935,2018,hampton_roads
SUSSEX COUNTY,10,188,3736,0,3934,3624,169,3793,2018,southside
TAZEWELL COUNTY,6,891,12570,26,13467,24978,2460,27438,2018,southwest
VIRGINIA BEACH CITY,522,15232,155246,2766,171000,254097,24386,278481,2018,hampton_roads
WARREN COUNTY,14,931,13362,95,14307,24999,1433,26432,2018,northern
WASHINGTON COUNTY,15,1711,18902,79,20628,34690,1809,36499,2018,southwest
WAYNESBORO CITY,1,530,7229,0,7760,12571,791,13362,2018,valley
WESTMORELAND COUNTY,22,654,6452,60,7128,11830,711,12541,2018,eastern
WILLIAMSBURG CITY,63,678,5568,67,6309,9445,1416,10861,2018,hampton_roads
WINCHESTER CITY,15,871,8304,51,9190,15152,1381,16533,2018,valley
WISE COUNTY,2,769,10277,46,11048,21848,1474,23319,2018,southwest
WYTHE COUNTY,12,572,10208,0,10792,15176,716,15892,2018,southwest
YORK COUNTY,47,2527,26630,214,29204,25636,2001,27637,2018,hampton_roads
ACCOMACK COUNTY,17,1499,14425,0,15941,22081,2429,24510,2016,eastern
ALBEMARLE COUNTY,160,7032,49962,139,57154,70012,7194,77206,2016,central
ALEXANDRIA CITY,516,20052,55880,74,76448,78108,12473,90581,2016,northern
ALLEGHANY COUNTY,3,198,7189,12,7390,9894,725,10619,2016,valley
AMELIA COUNTY,15,825,6232,6,7072,8675,538,9213,2016,central
AMHERST COUNTY,0,1076,13969,22,15045,19842,1267,21109,2016,west_central
APPOMATTOX COUNTY,2,0,7511,27,7513,10224,465,10689,2016,west_central
ARLINGTON COUNTY,556,0,83993,145,84549,148167,21007,169169,2016,northern
AUGUSTA COUNTY,81,0,36613,0,36694,45342,2858,48200,2016,valley
BATH COUNTY,2,207,2071,1,2280,3082,239,3321,2016,valley
BEDFORD COUNTY,49,3733,38832,133,42614,52304,4066,56368,2016,west_central
BLAND COUNTY,1,226,2945,10,3172,4327,330,4657,2016,southwest
BOTETOURT COUNTY,0,698,18100,126,18798,22820,1456,24276,2016,west_central
BRISTOL CITY,14,772,6274,55,7060,10046,1714,11760,2016,southwest
BRUNSWICK COUNTY,28,247,7442,136,7717,10139,953,11092,2016,southside
BUCHANAN COUNTY,1,0,8396,10,8397,14774,1212,15986,2016,southwest
BUCKINGHAM COUNTY,0,527,6806,38,7333,9747,540,10287,2016,southside
BUENA VISTA CITY,0,230,2172,11,2402,3597,567,4164,2016,valley
CAMPBELL COUNTY,32,2061,25585,96,27678,35204,2894,38098,2016,west_central
CAROLINE COUNTY,96,1350,12921,123,14367,18372,1225,19597,2016,central
CARROLL COUNTY,29,1219,12514,39,13762,18128,1264,19392,2016,southwest
CHARLES CITY COUNTY,5,623,3533,49,4161,5184,380,5563,2016,central
CHARLOTTE COUNTY,0,0,5399,0,5399,7717,639,8356,2016,southside
CHARLOTTESVILLE CITY,103,1328,21188,65,22619,29193,6534,35727,2016,central
CHESAPEAKE CITY,563,15372,97605,840,113540,148104,19826,167930,2016,hampton_roads
CHESTERFIELD COUNTY,66,9160,167961,0,177187,217893,19700,237593,2016,central
CLARKE COUNTY,22,1057,7176,31,8255,10048,712,10760,2016,northern
COLONIAL HEIGHTS CITY,0,1220,7283,22,8503,11295,1171,12466,2016,central
COVINGTON CITY,0,0,2213,1,2213,3375,348,3723,2016,valley
CRAIG COUNTY,0,178,2622,6,2800,3617,294,3911,2016,west_central
CULPEPER COUNTY,61,0,19769,51,19830,29047,2227,31274,2016,northern
CUMBERLAND COUNTY,6,0,4575,11,4581,6392,529,6921,2016,southside
DANVILLE CITY,30,2147,17044,114,19221,25527,2924,28451,2016,southside
DICKENSON COUNTY,6,0,5723,18,5729,9753,1052,10805,2016,southwest
DINWIDDIE COUNTY,8,0,12060,9,12068,17705,1428,19132,2016,central
EMPORIA CITY,2,142,2217,10,2361,3335,554,3889,2016,southside
ESSEX COUNTY,4,655,4789,5,5448,7194,414,7607,2016,eastern
FAIRFAX CITY,50,2586,9477,24,12113,14778,1217,15995,2016,northern
FAIRFAX COUNTY,0,122080,432111,2352,554191,642558,59759,702010,2016,northern
FALLS CHURCH CITY,21,771,7065,19,7857,9209,1040,10249,2016,northern
FAUQUIER COUNTY,79,5169,32870,0,38118,46006,3242,49248,2016,northern
FLOYD COUNTY,18,1119,7014,30,8151,10276,636,10912,2016,west_central
FLUVANNA COUNTY,44,1903,11719,53,13666,16859,1023,17882,2016,central
FRANKLIN CITY,6,370,3717,37,4093,5112,737,5849,2016,southside
FRANKLIN COUNTY,8,2181,24855,13,27044,34116,2541,36657,2016,west_central
FREDERICK COUNTY,54,0,37729,56,37783,52052,4235,56287,2016,valley
FREDERICKSBURG CITY,117,0,9763,65,9880,14919,2433,17352,2016,northern
GALAX CITY,0,285,2117,6,2402,3325,462,3787,2016,southwest
GILES COUNTY,4,717,7533,20,8254,10686,713,11399,2016,west_central
GLOUCESTER COUNTY,14,1647,18149,80,19810,25442,1377,26819,2016,hampton_roads
GOOCHLAND COUNTY,16,0,12582,31,12598,16640,625,17265,2016,central
GRAYSON COUNTY,11,0,6570,0,6581,9800,895,10695,2016,southwest
GREENE COUNTY,1,0,8557,0,8558,12235,898,13133,2016,central
GREENSVILLE COUNTY,1,279,4337,16,4617,6051,655,6706,2016,southside
HALIFAX COUNTY,26,0,15384,78,15410,21595,1730,23325,2016,southside
HAMPTON CITY,516,6970,55403,384,62889,86144,13878,100022,2016,hampton_roads
HANOVER COUNTY,134,5552,57294,268,62980,73464,3920,77384,2016,central
HARRISONBURG CITY,177,0,16643,0,16820,22901,5676,28577,2016,valley
HENRICO COUNTY,359,17144,146984,0,164487,195522,19040,214561,2016,central
HENRY COUNTY,13,2112,22038,76,24163,35535,2980,38515,2016,southside
HIGHLAND COUNTY,2,126,1307,0,1435,1748,49,1797,2016,valley
HOPEWELL CITY,20,792,8293,52,9105,12676,1951,14627,2016,central
ISLE OF WIGHT COUNTY,40,0,19190,113,19230,25490,2257,27747,2016,hampton_roads
JAMES CITY COUNTY,38,7213,36271,251,43522,58496,5455,63951,2016,hampton_roads
KING & QUEEN COUNTY,4,373,3352,10,3729,4718,220,4938,2016,eastern
KING GEORGE COUNTY,38,1501,10596,24,12135,15282,1049,16331,2016,northern
KING WILLIAM COUNTY,0,567,8592,56,9159,11211,536,11747,2016,central
LANCASTER COUNTY,12,785,5850,39,6647,8207,434,8641,2016,eastern
LEE COUNTY,3,0,8725,24,8728,14253,1593,15846,2016,southwest
LEXINGTON CITY,0,0,2048,28,2048,3683,646,4329,2016,valley
LOUDOUN COUNTY,502,0,151910,0,152412,208878,16431,225308,2016,northern
LOUISA COUNTY,36,0,15763,18,15799,22257,1304,23561,2016,central
LUNENBURG COUNTY,0,0,5100,10,5100,7336,604,7940,2016,southside
LYNCHBURG CITY,15,1437,34379,161,35831,47932,9124,57052,2016,west_central
MADISON COUNTY,2,0,6357,9,6359,8623,533,9156,2016,central
MANASSAS CITY,27,0,12510,0,12537,0,0,0,2016,northern
MANASSAS PARK CITY,9,1133,4132,33,5274,6869,805,7674,2016,northern
MARTINSVILLE CITY,3,0,5362,34,5365,7989,1003,8992,2016,southside
MATHEWS COUNTY,17,0,4195,57,4212,6636,470,7106,2016,hampton_roads
MECKLENBURG COUNTY,68,627,14328,49,15023,19905,2282,22187,2016,southside
MIDDLESEX COUNTY,10,0,5418,30,5428,7521,377,7898,2016,eastern
MONTGOMERY COUNTY,73,1795,41370,239,43238,54772,6943,61715,2016,west_central
NELSON COUNTY,25,568,7741,4,8334,10407,829,11236,2016,central
NEW KENT COUNTY,5,0,11283,4,11288,14276,687,14963,2016,central
NEWPORT NEWS CITY,516,5885,69933,0,76334,150921,29929,180850,2016,hampton_roads
NORFOLK CITY,0,6752,76809,1792,83561,122173,17656,139829,2016,hampton_roads
NORTHAMPTON COUNTY,3,793,5415,56,6211,8520,716,9236,2016,eastern
NORTHUMBERLAND COUNTY,20,825,6590,33,7435,9162,434,9596,2016,eastern
NORTON CITY,5,182,1296,3,1483,2133,297,2430,2016,southwest
NOTTOWAY COUNTY,4,0,6037,0,6041,8410,1071,9481,2016,southside
ORANGE COUNTY,59,1495,15819,208,17373,22053,1972,24025,2016,central
PAGE COUNTY,18,0,9898,91,9916,14628,1230,15858,2016,valley
PATRICK COUNTY,4,756,7833,13,8593,11382,991,12373,2016,southside
PETERSBURG CITY,88,2323,11552,134,13963,18777,3773,22550,2016,central
PITTSYLVANIA COUNTY,0,0,28616,661,28616,40767,2748,43515,2016,southside
POQUOSON CITY,22,0,6320,52,6342,8470,521,8991,2016,hampton_roads
PORTSMOUTH CITY,203,4294,39178,533,43675,56972,8493,65465,2016,hampton_roads
POWHATAN COUNTY,27,1653,15386,51,17066,19701,1242,20943,2016,central
PRINCE EDWARD COUNTY,3,0,8486,55,8489,12499,1174,13673,2016,southside
PRINCE GEORGE COUNTY,3,0,14134,93,14137,20562,2659,23221,2016,central
PRINCE WILLIAM COUNTY,679,50360,146488,211,197527,263550,26086,289636,2016,northern
PULASKI COUNTY,37,0,15198,94,15235,20554,1509,22063,2016,west_central
RADFORD CITY,3,496,5599,6,6098,8394,782,9176,2016,west_central
RAPPAHANNOCK COUNTY,1,460,4050,2,4511,5512,310,5817,2016,northern
RICHMOND CITY,517,7463,96416,591,104396,123792,17313,141105,2016,central
RICHMOND COUNTY,0,0,3378,0,3378,4794,272,5066,2016,eastern
ROANOKE CITY,158,4541,35061,636,39760,52547,10888,63416,2016,west_central
ROANOKE COUNTY,6,5001,46682,148,51689,64266,4750,69016,2016,west_central
ROCKBRIDGE COUNTY,21,0,9874,25,9895,13731,872,14603,2016,valley
ROCKINGHAM COUNTY,72,2650,34986,89,37708,46465,3157,49622,2016,valley
RUSSELL COUNTY,6,0,11195,0,11201,17878,951,18829,2016,southwest
SALEM CITY,1,0,10926,0,10927,15710,1374,17084,2016,west_central
SCOTT COUNTY,7,0,9166,34,9173,14359,1520,15879,2016,southwest
SHENANDOAH COUNTY,0,0,18788,161,18788,26276,2071,28347,2016,valley
SMYTH COUNTY,11,855,12094,9,12960,17888,1766,19654,2016,southwest
SOUTHAMPTON COUNTY,0,0,8344,21,8344,11392,1155,12547,2016,southside
SPOTSYLVANIA COUNTY,13,9074,54316,235,63403,96033,10517,106550,2016,northern
STAFFORD COUNTY,70,9098,57238,417,66406,83197,7327,90524,2016,northern
STAUNTON CITY,48,0,10033,0,10081,14784,1603,16387,2016,valley
SUFFOLK CITY,68,5526,37814,0,43408,83127,9174,92301,2016,hampton_roads
SURRY COUNTY,8,522,3484,53,4014,5175,340,5515,2016,hampton_roads
SUSSEX COUNTY,9,381,4699,0,5089,6464,687,7151,2016,southside
TAZEWELL COUNTY,15,1742,17048,105,18805,26098,2281,28379,2016,southwest
VIRGINIA BEACH CITY,268,30050,173966,1734,204284,273581,35901,309477,2016,hampton_roads
WARREN COUNTY,58,1698,16290,144,18046,23514,1863,25377,2016,northern
WASHINGTON COUNTY,24,2750,23226,88,26000,33942,3069,37011,2016,southwest
WAYNESBORO CITY,6,0,8511,0,8517,11932,1230,13162,2016,valley
WESTMORELAND COUNTY,0,0,7472,21,7472,11273,823,12096,2016,eastern
WILLIAMSBURG CITY,4,0,6684,45,6688,9224,2742,11966,2016,hampton_roads
WINCHESTER CITY,28,0,9424,61,9452,14234,1708,15942,2016,valley
WISE COUNTY,3,1332,13920,74,15255,21525,2494,24015,2016,southwest
WYTHE COUNTY,15,0,12485,0,12500,17770,1406,19176,2016,southwest
YORK COUNTY,124,3657,30549,328,34330,55295,6152,61447,2016,hampton_roads
ACCOMACK COUNTY,14,4565,8751,130,13330,24141,1221,25362,2022,eastern
ALBEMARLE COUNTY,228,5750,32053,182,38031,80699,5168,85867,2022,central
ALEXANDRIA CITY,245,20483,32691,72,53419,98565,13417,111982,2022,northern
ALLEGHANY COUNTY,0,799,4607,19,5406,10402,647,11049,2022,valley
AMELIA COUNTY,3,1713,3846,12,5562,9858,283,10141,2022,central
AMHERST COUNTY,0,2926,8912,120,11838,21963,840,22803,2022,west_central
APPOMATTOX COUNTY,0,1686,4887,96,6573,11800,371,12171,2022,west_central
ARLINGTON COUNTY,383,33203,56388,120,89974,157782,18155,175936,2022,northern
AUGUSTA COUNTY,21,7986,22444,257,30451,53084,1657,54741,2022,valley
BATH COUNTY,2,323,1368,0,1693,3216,136,3352,2022,valley
BEDFORD COUNTY,142,8089,25362,222,33593,62284,2292,64576,2022,west_central
BLAND COUNTY,0,464,1762,9,2226,4336,250,4586,2022,southwest
BOTETOURT COUNTY,8,3955,10709,115,14672,25574,668,26242,2022,west_central
BRISTOL CITY,6,1368,3048,29,4422,11024,1276,12300,2022,southwest
BRUNSWICK COUNTY,0,1564,3693,113,5257,10730,324,11054,2022,southside
BUCHANAN COUNTY,2,869,3871,24,4742,14329,508,14837,2022,southwest
BUCKINGHAM COUNTY,4,1673,3654,82,5331,10720,341,11061,2022,southside
BUENA VISTA CITY,0,548,1064,0,1612,4078,341,4419,2022,valley
CAMPBELL COUNTY,25,4583,15379,104,19987,39290,1815,41105,2022,west_central
CAROLINE COUNTY,4,2961,8621,96,11586,21860,897,22757,2022,central
CARROLL COUNTY,0,2152,8002,79,10154,20498,573,21071,2022,southwest
CHARLES CITY COUNTY,10,1087,1735,52,2832,5578,151,5729,2022,central
CHARLOTTE COUNTY,10,1105,3131,29,4246,8163,281,8444,2022,southside
CHARLOTTESVILLE CITY,8,5997,9837,77,15842,30843,3205,34048,2022,central
CHESAPEAKE CITY,258,34252,54178,1316,88688,167564,12431,179995,2022,hampton_roads
CHESTERFIELD COUNTY,349,51814,87440,0,139603,262390,14612,277002,2022,central
CLARKE COUNTY,6,2238,4905,82,7149,11676,533,12209,2022,northern
COLONIAL HEIGHTS CITY,5,2129,3514,112,5648,12312,685,12997,2022,central
COVINGTON CITY,0,240,1247,0,1487,3704,176,3880,2022,valley
CRAIG COUNTY,0,460,1603,22,2063,3828,132,3960,2022,west_central
CULPEPER COUNTY,40,5974,14077,85,20091,35274,1544,36818,2022,northern
CUMBERLAND COUNTY,0,1005,2736,0,3741,7165,222,7387,2022,southside
DANVILLE CITY,18,3608,8218,90,11844,26998,1739,28737,2022,southside
DICKENSON COUNTY,6,1025,2860,21,3891,9672,461,10133,2022,southwest
DINWIDDIE COUNTY,10,2636,6852,29,9498,19939,822,20761,2022,central
EMPORIA CITY,0,354,1059,4,1413,3784,234,4018,2022,southside
ESSEX COUNTY,6,1519,2687,110,4212,7980,282,8262,2022,eastern
FAIRFAX CITY,33,4074,5560,39,9667,16454,1201,17655,2022,northern
FAIRFAX COUNTY,2645,140282,261012,3061,403939,742649,45477,788070,2022,northern
FALLS CHURCH CITY,30,3026,3290,29,6346,10242,872,11114,2022,northern
FAUQUIER COUNTY,68,11915,21031,0,33014,53080,3047,56127,2022,northern
FLOYD COUNTY,5,1982,4231,166,6218,11437,399,11836,2022,west_central
FLUVANNA COUNTY,11,5639,6097,49,11747,20175,728,20903,2022,central
FRANKLIN CITY,7,1133,1771,71,2911,5603,302,5905,2022,southside
FRANKLIN COUNTY,8,4785,15678,150,20471,38679,1252,39931,2022,west_central
FREDERICK COUNTY,49,7645,25822,80,33516,64147,3402,67549,2022,valley
FREDERICKSBURG CITY,45,3553,5491,71,9089,17751,1572,19323,2022,northern
GALAX CITY,2,524,1074,35,1600,3827,228,4055,2022,southwest
GILES COUNTY,1,1721,4046,42,5768,11671,389,12060,2022,west_central
GLOUCESTER COUNTY,12,4113,11296,159,15421,28998,1141,30139,2022,hampton_roads
GOOCHLAND COUNTY,18,5262,8403,39,13683,20613,705,21318,2022,central
GRAYSON COUNTY,0,322,5070,38,5392,10575,346,10921,2022,southwest
GREENE COUNTY,13,3391,4978,32,8382,14352,481,14833,2022,central
GREENSVILLE COUNTY,0,740,2182,16,2922,6186,234,6420,2022,southside
HALIFAX COUNTY,8,3257,8827,23,12092,24214,811,25025,2022,southside
HAMPTON CITY,119,13134,27227,377,40480,90954,9828,100782,2022,hampton_roads
HANOVER COUNTY,101,14513,37070,1115,51684,86437,2535,88972,2022,central
HARRISONBURG CITY,18,3981,6086,20,10085,23707,2509,26216,2022,valley
HENRICO COUNTY,114,36983,87467,656,124564,229846,11013,240859,2022,central
HENRY COUNTY,50,3704,11710,111,15464,35069,1336,36405,2022,southside
HIGHLAND COUNTY,0,255,933,3,1188,1823,74,1897,2022,valley
HOPEWELL CITY,45,1807,3439,66,5291,14685,1076,15761,2022,central
ISLE OF WIGHT COUNTY,43,5621,12853,87,18517,29725,1232,30957,2022,hampton_roads
JAMES CITY COUNTY,78,16707,20799,675,37584,60831,3190,64021,2022,hampton_roads
KING AND QUEEN COUNTY,0,692,2229,54,2921,5213,165,5378,2022,eastern
KING GEORGE COUNTY,11,4363,6104,141,10478,18451,1205,19656,2022,northern
KING WILLIAM COUNTY,6,1575,5942,70,7523,13485,435,13920,2022,central
LANCASTER COUNTY,7,384,3415,28,3806,8927,306,9233,2022,eastern
LEE COUNTY,0,1037,4709,9,5746,15039,574,15613,2022,southwest
LEXINGTON CITY,1,1026,972,40,1999,3811,382,4193,2022,valley
LOUDOUN COUNTY,609,51320,110097,0,162026,275022,16302,291324,2022,northern
LOUISA COUNTY,34,5293,10896,167,16223,28464,918,29382,2022,central
LUNENBURG COUNTY,0,1284,2816,25,4100,7810,273,8083,2022,southside
LYNCHBURG CITY,48,7218,15900,188,23166,49558,6404,55962,2022,west_central
MADISON COUNTY,0,1787,4655,38,6442,10045,323,10368,2022,central
MANASSAS CITY,46,4173,6416,28,10635,22015,1648,23663,2022,northern
MANASSAS PARK CITY,0,1216,2082,10,3298,8212,724,8936,2022,northern
MARTINSVILLE CITY,1,1083,2657,75,3741,8539,519,9058,2022,southside
MATHEWS COUNTY,0,2381,2021,31,4402,7082,279,7361,2022,hampton_roads
MECKLENBURG COUNTY,16,2947,8162,899,11125,22117,827,22944,2022,southside
MIDDLESEX COUNTY,4,1490,3620,71,5114,8444,264,8708,2022,eastern
MONTGOMERY COUNTY,59,7643,19633,144,27335,56707,4726,61433,2022,west_central
NELSON COUNTY,79,2072,4962,33,7113,11494,385,11879,2022,central
NEW KENT COUNTY,4,2386,8578,28,10968,18348,531,18879,2022,central
NEWPORT NEWS CITY,154,13175,36305,334,49634,113723,11234,124957,2022,hampton_roads
NORFOLK CITY,324,15525,38327,725,54176,128420,12655,141075,2022,hampton_roads
NORTHAMPTON COUNTY,10,2275,3113,34,5398,9271,562,9833,2022,eastern
NORTHUMBERLAND COUNTY,1,2208,3961,68,6170,10043,371,10414,2022,eastern
NORTON CITY,2,359,579,22,940,2464,129,2593,2022,southwest
NOTTOWAY COUNTY,0,1404,3400,52,4804,9343,343,9686,2022,southside
ORANGE COUNTY,18,4302,11740,353,16060,27166,1120,28286,2022,central
PAGE COUNTY,11,2000,6229,98,8240,16595,517,17112,2022,valley
PATRICK COUNTY,1,1242,4698,5,5941,12500,330,12830,2022,southside
PETERSBURG CITY,28,3060,4488,172,7576,21964,1759,23723,2022,central
PITTSYLVANIA COUNTY,0,4080,19792,190,23872,43740,1458,45198,2022,southside
POQUOSON CITY,0,1957,3587,60,5544,9197,400,9597,2022,hampton_roads
PORTSMOUTH CITY,159,7524,19577,741,27260,63621,4882,68503,2022,hampton_roads
POWHATAN COUNTY,9,4579,10289,3913,14877,23540,645,24185,2022,central
PRINCE EDWARD COUNTY,1,1672,4678,111,6351,12910,620,13530,2022,southside
PRINCE GEORGE COUNTY,10,3306,7870,73,11186,22707,2115,24822,2022,central
PRINCE WILLIAM COUNTY,992,55129,94787,556,150908,297902,20674,318576,2022,northern
PULASKI COUNTY,22,3098,7730,43,10850,23066,703,23769,2022,west_central
RADFORD CITY,0,1282,2470,10,3752,8553,972,9525,2022,west_central
RAPPAHANNOCK COUNTY,7,1175,2876,0,4058,6021,199,6220,2022,northern
RICHMOND CITY,593,17140,50490,406,68223,145587,15679,161266,2022,central
RICHMOND COUNTY,0,917,1863,0,2780,5454,185,5639,2022,eastern
ROANOKE CITY,58,9089,17430,1168,26577,61649,4383,66029,2022,west_central
ROANOKE COUNTY,78,10605,26624,460,37307,69579,3640,73219,2022,west_central
ROCKBRIDGE COUNTY,6,2498,6523,26,9027,15667,513,16180,2022,valley
ROCKINGHAM COUNTY,20,6492,24953,357,31465,54633,1918,56551,2022,valley
RUSSELL COUNTY,1,1645,6203,52,7849,18661,514,19175,2022,southwest
SALEM CITY,12,3384,4962,0,8358,16899,984,17883,2022,west_central
SCOTT COUNTY,9,1379,5154,80,6542,15570,440,16010,2022,southwest
SHENANDOAH COUNTY,22,4328,11857,146,16207,30914,1280,32194,2022,valley
SMYTH COUNTY,6,1257,7191,14,8454,19534,585,20119,2022,southwest
SOUTHAMPTON COUNTY,5,1867,5537,14,7409,13736,508,14244,2022,southside
SPOTSYLVANIA COUNTY,4,19959,34552,984,54515,99808,5189,104997,2022,northern
STAFFORD COUNTY,125,16736,40281,393,57142,103642,7298,110940,2022,northern
STAUNTON CITY,20,3414,5744,0,9178,17113,1010,18123,2022,valley
SUFFOLK CITY,0,11520,24987,0,36507,66832,4271,71103,2022,hampton_roads
SURRY COUNTY,0,1134,2181,37,3315,5474,196,5670,2022,hampton_roads
SUSSEX COUNTY,6,858,2565,34,3429,6877,251,7128,2022,southside
TAZEWELL COUNTY,7,3377,8180,153,11564,25844,2230,28074,2022,southwest
VIRGINIA BEACH CITY,449,55609,105665,6506,161723,304917,25310,330226,2022,hampton_roads
WARREN COUNTY,19,3797,10377,164,14193,28864,1493,30357,2022,northern
WASHINGTON COUNTY,20,5201,12731,133,17952,37933,1318,39251,2022,southwest
WAYNESBORO CITY,27,2567,4554,0,7148,14522,935,15457,2022,valley
WESTMORELAND COUNTY,13,2113,4890,58,7016,13547,589,14136,2022,eastern
WILLIAMSBURG CITY,0,2451,2293,104,4744,8897,1305,10202,2022,hampton_roads
WINCHESTER CITY,16,2856,5005,139,7877,16726,1549,18275,2022,valley
WISE COUNTY,13,2332,6972,23,9317,23766,892,24658,2022,southwest
WYTHE COUNTY,8,2287,7184,12,9479,20233,637,20870,2022,southwest
YORK COUNTY,32,12033,15654,367,27719,47676,2947,50623,2022,hampton_roads